-- ── Category ────────────────────────────────────────────────
INSERT INTO categories (id, name)
VALUES (1, '한식'),
       (2, '중식'),
       (3, '일식'),
       (4, '양식'),
       (5, '동남아식'),
       (6, '채식'),
       (7, '분식'),
       (8, '베이커리');

-- ── Taste ───────────────────────────────────────────────────
INSERT INTO tastes (id, name)
VALUES (1, '매운맛'),
       (2, '단맛'),
       (3, '짠맛'),
       (4, '신맛'),
       (5, '고소한맛'),
       (6, '담백한맛'),
       (7, '쓴맛');

-- ── Allergy ─────────────────────────────────────────────────
-- 식품의약품안전처 고시 알레르기 유발 식품 22종 기준
INSERT INTO allergies (id, name)
VALUES (1, '난류 (달걀)'),
       (2, '우유'),
       (3, '메밀'),
       (4, '땅콩'),
       (5, '대두 (콩)'),
       (6, '밀'),
       (7, '고등어'),
       (8, '게'),
       (9, '새우'),
       (10, '돼지고기'),
       (11, '복숭아'),
       (12, '토마토'),
       (13, '아황산류'),
       (14, '호두'),
       (15, '닭고기'),
       (16, '쇠고기'),
       (17, '오징어'),
       (18, '조개류 (굴, 전복, 홍합)'),
       (19, '잣'),
       (20, '아몬드'),
       (21, '캐슈넛'),
       (22, '참깨');


-- ── Ingredient 마스터 ────────────────────────────────────────
INSERT INTO ingredient (id, name, category_id)
VALUES (1, '떡', 1),
       (2, '어묵', 1),
       (3, '고추장', 1),
       (4, '설탕', 1),
       (5, '대파', 1),
       (6, '양배추', 1),
       (7, '계란', 1),
       (8, '김치', 1),
       (9, '돼지고기', 1),
       (10, '두부', 1),
       (11, '닭고기', 1),
       (12, '감자', 1),
       (13, '양파', 1),
       (14, '당근', 1),
       (15, '간장', 1),
       (16, '참기름', 1),
       (17, '마늘', 1),
       (18, '소금', 1),
       (19, '밀가루', 1),
       (20, '우유', 2),
       (21, '버터', 2),
       (22, '스파게티면', 4),
       (23, '베이컨', 4),
       (24, '크림', 4),
       (25, '김', 1),
       (26, '참치', 1),
       (27, '미역', 1),
       (28, '새우', 1),
       (29, '고추', 1),
       (30, '된장', 1),
       (31, '고춧가루', 1),
       (32, '국간장', 1),
       (33, '쌈장', 1),
       (34, '멸치', 1),
       (35, '다시마', 1),
       (36, '청양고추', 1),
       (37, '홍고추', 1),
       (38, '애호박', 1),
       (39, '호박', 1),
       (40, '콩나물', 1),
       (41, '숙주', 1),
       (42, '부추', 1),
       (43, '깻잎', 1),
       (44, '무', 1),
       (45, '배추', 1),
       (46, '시금치', 1),
       (47, '버섯', 1),
       (48, '표고버섯', 1),
       (49, '팽이버섯', 1),
       (50, '느타리버섯', 1),
       (51, '소고기', 1),
       (52, '차돌박이', 1),
       (53, '삼겹살', 1),
       (54, '목살', 1),
       (55, '갈비', 1),
       (56, '오징어', 1),
       (57, '문어', 1),
       (58, '조개', 1),
       (59, '바지락', 1),
       (60, '굴', 1),
       (61, '고등어', 1),
       (62, '연어', 1),
       (63, '올리브오일', 4),
       (64, '토마토소스', 4),
       (65, '토마토', 4),
       (66, '마요네즈', 4),
       (67, '케첩', 4),
       (68, '머스타드', 4),
       (69, '파슬리', 4),
       (70, '바질', 4),
       (71, '치즈', 4),
       (72, '파마산치즈', 4),
       (73, '모짜렐라치즈', 4),
       (74, '생크림', 4),
       (75, '화이트와인', 4),
       (76, '라면사리', 3),
       (77, '당면', 3),
       (78, '우동면', 3),
       (79, '칼국수면', 3),
       (80, '식빵', 3),
       (81, '밥', 3),
       (82, '떡국떡', 3),
       (83, '햄', 3),
       (84, '소시지', 3),
       (85, '어묵탕용 어묵', 3);

-- ── Recipe ──────────────────────────────────────────────────
-- category_id: 1=한식 2=중식 3=일식 4=양식 7=분식
-- taste_id: 1=매운맛 2=단맛 3=짠맛 5=고소한맛 6=담백한맛

INSERT INTO recipe (id, title, category_id, taste_id, cook_time_min,
                    description, youtube_url, thumbnail_url, is_deleted)
VALUES (1, '떡볶이', 7, 1, 20, '쫄깃한 떡과 어묵이 어우러진 매콤달콤한 국민 간식입니다.',
        'https://youtube.com/watch?v=example1', 'https://img.example.com/tteokbokki.jpg', false),
       (2, '김치찌개', 1, 1, 30, '잘 익은 김치로 끓인 칼칼하고 깊은 맛의 찌개입니다.',
        'https://youtube.com/watch?v=example2', 'https://img.example.com/kimchijjigae.jpg', false),
       (3, '된장찌개', 1, 6, 25, '구수한 된장과 두부, 채소가 어우러진 건강한 찌개입니다.',
        'https://youtube.com/watch?v=example3', 'https://img.example.com/doenjang.jpg', false),
       (4, '계란볶음밥', 1, 3, 15, '냉장고 재료로 5분 만에 완성하는 간단 볶음밥입니다.',
        'https://youtube.com/watch?v=example4', 'https://img.example.com/eggrice.jpg', false),
       (5, '제육볶음', 1, 1, 25, '매콤달콤한 양념에 볶은 돼지고기 요리입니다.', 'https://youtube.com/watch?v=example5',
        'https://img.example.com/jeyuk.jpg', false),
       (6, '순두부찌개', 1, 1, 20, '부드러운 순두부와 해산물이 들어간 얼큰한 찌개입니다.',
        'https://youtube.com/watch?v=example6', 'https://img.example.com/sundubu.jpg', false),
       (7, '닭볶음탕', 1, 1, 40, '닭고기와 감자를 매콤하게 졸인 인기 가정식입니다.', 'https://youtube.com/watch?v=example7',
        'https://img.example.com/dakbokkeum.jpg', false),
       (8, '참치김밥', 1, 3, 30, '참치와 신선한 채소가 가득한 영양 만점 김밥입니다.', 'https://youtube.com/watch?v=example8',
        'https://img.example.com/gimbap.jpg', false),
       (9, '미역국', 1, 6, 30, '생일상의 단골 메뉴, 고소하고 담백한 미역국입니다.', 'https://youtube.com/watch?v=example9',
        'https://img.example.com/miyeokguk.jpg', false),
       (10, '잡채', 1, 2, 35, '탱글탱글한 당면과 다채로운 채소의 궁합이 일품입니다.',
        'https://youtube.com/watch?v=example10', 'https://img.example.com/japchae.jpg', false),
       (11, '감자조림', 1, 2, 25, '달콤짭짤한 양념에 졸인 반찬계의 스테디셀러입니다.',
        'https://youtube.com/watch?v=example11', 'https://img.example.com/gamjajolim.jpg', false),
       (12, '두부김치', 1, 1, 20, '고소한 두부와 볶은 김치의 환상적인 조합입니다.', 'https://youtube.com/watch?v=example12',
        'https://img.example.com/dubukimchi.jpg', false),
       (13, '크림파스타', 4, 5, 25, '진한 크림 소스와 베이컨이 어우러진 이탈리안 파스타입니다.',
        'https://youtube.com/watch?v=example13', 'https://img.example.com/creampasta.jpg', false),
       (14, '새우볶음밥', 4, 3, 20, '탱글한 새우와 채소가 가득한 중화풍 볶음밥입니다.',
        'https://youtube.com/watch?v=example14', 'https://img.example.com/shrimprice.jpg', false),
       (15, '닭가슴살 샐러드', 4, 6, 20, '다이어트에 최적화된 고단백 저칼로리 샐러드입니다.',
        'https://youtube.com/watch?v=example15', 'https://img.example.com/chickensalad.jpg', false),
       (16, '계란찜', 1, 6, 15, '뚝배기에 보들보들하게 쪄낸 부드러운 계란찜입니다.', 'https://youtube.com/watch?v=example16',
        'https://img.example.com/gyeranjjim.jpg', false),
       (17, '어묵탕', 1, 6, 20, '시원하고 깊은 국물 맛이 일품인 길거리 포차 메뉴입니다.',
        'https://youtube.com/watch?v=example17', 'https://img.example.com/eomuk.jpg', false),
       (18, '돼지고기 수육', 1, 6, 60, '부드럽게 삶아낸 돼지고기를 새우젓에 곁들인 요리입니다.',
        'https://youtube.com/watch?v=example18', 'https://img.example.com/suyuk.jpg', false),
       (19, '간장계란밥', 1, 3, 10, '바쁜 아침 5분이면 완성되는 초간단 한 그릇 요리입니다.',
        'https://youtube.com/watch?v=example19', 'https://img.example.com/ganjanggyeran.jpg',
        false),
       (20, '부대찌개', 1, 1, 30, '햄, 소시지, 김치가 어우러진 푸짐한 국민 찌개입니다.',
        'https://youtube.com/watch?v=example20', 'https://img.example.com/budae.jpg', false);
-- ── RecipeIngredient ─────────────────────────────────────────
INSERT INTO recipe_ingredient (recipe_id, ingredient_id, amount, unit, is_substitutable)
VALUES
-- 떡볶이 (1)
(1, 1, '300', 'g', false),
(1, 2, '150', 'g', false),
(1, 3, '3', '큰술', false),
(1, 4, '1', '큰술', false),
(1, 5, '1', '대', true),
-- 김치찌개 (2)
(2, 8, '200', 'g', false),
(2, 9, '150', 'g', true),
(2, 5, '1', '대', true),
(2, 7, '1', '개', true),
-- 된장찌개 (3)
(3, 30, '2', '큰술', false),
(3, 10, '1/2', '모', true),
(3, 12, '1', '개', true),
(3, 13, '1/2', '개', true),
(3, 17, '1', '작은술', false),
-- 계란볶음밥 (4)
(4, 7, '2', '개', false),
(4, 13, '1/4', '개', true),
(4, 14, '1/4', '개', true),
(4, 15, '1', '큰술', false),
(4, 16, '1', '작은술', false),
-- 제육볶음 (5)
(5, 9, '300', 'g', false),
(5, 3, '2', '큰술', false),
(5, 13, '1', '개', true),
(5, 5, '2', '대', true),
(5, 17, '1', '큰술', false),
-- 크림파스타 (13)
(13, 22, '160', 'g', false),
(13, 23, '4', '줄', true),
(13, 24, '200', 'ml', false),
(13, 21, '1', '큰술', false),
-- 새우볶음밥 (14)
(14, 28, '150', 'g', false),
(14, 7, '1', '개', false),
(14, 13, '1/2', '개', true),
(14, 14, '1/4', '개', true),
(14, 15, '2', '큰술', false);

-- ── RecipeStep ───────────────────────────────────────────────
INSERT INTO recipe_step (recipe_id, step_order, description)
VALUES
-- 떡볶이 (1)
(1, 1, '대파는 어슷 썰거나 반으로 갈라 길게 썰어 준비한다.'),
(1, 2, '양배추, 어묵은 먹기 좋은 크기로 썰어 준비한다.'),
(1, 3, '냄비에 물, 진간장, 황설탕, 고추장, 굵은고추가루, 고운고추가루, 대파, 양배추를 넣어 끓인다.'),
(1, 4, '떡볶이떡은 흐르는 물에 가볍게 세척한다.'),
(1, 5, '육수가 끓으면 삶은달걀, 떡을 넣고 함께 끓여준다.'),
(1, 6, '기호에 맞게 MSG를 넣는다.'),
(1, 7, '떡을 넣고 육수가 끓어오르면 어묵을 넣어준다.'),
(1, 8, '양념장이 걸쭉하게 졸아들 때까지 끓여 완성한다.'),
-- 김치찌개 (2)
(2, 1, '돼지고기는 한 입 크기로 잘라 준비한다.'),
(2, 2, '냄비에 기름을 두르고 돼지고기를 볶아 겉면을 익힌다.'),
(2, 3, '김치를 넣고 함께 볶아 김치의 신맛을 날린다.'),
(2, 4, '물 500ml를 넣고 강불에서 끓인다.'),
(2, 5, '끓기 시작하면 중불로 줄이고 대파, 계란을 넣는다.'),
(2, 6, '간장, 고춧가루로 간을 맞추고 10분 더 끓여 완성한다.'),
-- 된장찌개 (3)
(3, 1, '두부는 사방 2cm 크기로 깍둑썰기 한다.'),
(3, 2, '감자, 양파는 먹기 좋은 크기로 썬다.'),
(3, 3, '냄비에 멸치 육수를 붓고 된장을 풀어 끓인다.'),
(3, 4, '감자를 먼저 넣고 5분간 끓인다.'),
(3, 5, '두부, 양파, 마늘을 넣고 5분 더 끓여 완성한다.'),
-- 계란볶음밥 (4)
(4, 1, '양파, 당근은 잘게 다진다.'),
(4, 2, '팬에 기름을 두르고 채소를 볶는다.'),
(4, 3, '밥을 넣고 강불에서 고슬고슬하게 볶는다.'),
(4, 4, '계란을 깨 넣고 스크램블하듯 섞어가며 볶는다.'),
(4, 5, '간장, 참기름으로 간을 맞추고 완성한다.'),
-- 크림파스타 (13)
(13, 1, '스파게티면을 소금물에 알덴테로 삶는다.'),
(13, 2, '팬에 버터를 녹이고 베이컨을 바삭하게 볶는다.'),
(13, 3, '크림을 넣고 약불에서 천천히 졸인다.'),
(13, 4, '삶은 면을 넣고 소스와 잘 버무린다.'),
(13, 5, '소금, 후추로 간을 맞추고 파마산 치즈를 뿌려 완성한다.');


-- ── IngredientAllergy (재료-알레르기 매핑) ──────────────────────────────────
-- allergy: 1=난류(달걀) 2=우유 5=대두(콩) 6=밀 7=고등어 9=새우 10=돼지고기 15=닭고기 16=쇠고기 17=오징어 18=조개류 22=참깨
INSERT INTO ingredient_allergy (ingredient_id, allergy_id)
VALUES
    (7,  1),   -- 계란      → 난류(달걀)
    (9,  10),  -- 돼지고기  → 돼지고기
    (10, 5),   -- 두부      → 대두(콩)
    (11, 15),  -- 닭고기    → 닭고기
    (15, 5),   -- 간장      → 대두(콩)
    (15, 6),   -- 간장      → 밀
    (16, 22),  -- 참기름    → 참깨
    (19, 6),   -- 밀가루    → 밀
    (20, 2),   -- 우유      → 우유
    (21, 2),   -- 버터      → 우유
    (22, 6),   -- 스파게티면 → 밀
    (23, 10),  -- 베이컨    → 돼지고기
    (24, 2),   -- 크림      → 우유
    (28, 9),   -- 새우      → 새우
    (30, 5),   -- 된장      → 대두(콩)
    (40, 5),   -- 콩나물    → 대두(콩)
    (51, 16),  -- 소고기    → 쇠고기
    (52, 16),  -- 차돌박이  → 쇠고기
    (53, 10),  -- 삼겹살    → 돼지고기
    (54, 10),  -- 목살      → 돼지고기
    (55, 16),  -- 갈비      → 쇠고기
    (56, 17),  -- 오징어    → 오징어
    (58, 18),  -- 조개      → 조개류
    (59, 18),  -- 바지락    → 조개류
    (60, 18),  -- 굴        → 조개류
    (61, 7),   -- 고등어    → 고등어
    (71, 2),   -- 치즈      → 우유
    (72, 2),   -- 파마산치즈 → 우유
    (73, 2),   -- 모짜렐라치즈 → 우유
    (74, 2),   -- 생크림    → 우유
    (79, 6),   -- 칼국수면  → 밀
    (80, 6),   -- 식빵      → 밀
    (83, 10),  -- 햄        → 돼지고기
    (84, 10);  -- 소시지    → 돼지고기

insert into users(name, social_id, social_provider, user_role, email, public_id, is_deleted)
VALUES ('홍종민', 4413420704, 'KAKAO', 'USER', 'gwa7417@gmail.com',
        X'88433dfbaa3c43eeb5fcd46fc5649c97', false);

-- ── 홍종민(member_id=1) 냉장고 재료 ──────────────────────────────
-- 오늘: 2026-05-13
-- 유통기한 임박(+3일 이내): 두부(D+1=05-14), 마늘·돼지고기(D+2=05-15), 계란(D+3=05-16)
-- COOKABLE 가능 레시피: 계란볶음밥(4), 김치찌개(2), 제육볶음(5)
INSERT INTO fridge (member_id, ingredient_id, quantity, unit, expiry_date, registered_at)
VALUES
    (1, 7,  6,   '개',   '2026-05-16', '2026-05-08 10:00:00'),  -- 계란      (임박 D+3)
    (1, 8,  300, 'g',    '2026-05-23', '2026-05-01 09:00:00'),  -- 김치
    (1, 3,  200, 'g',    '2026-08-01', '2026-03-15 11:00:00'),  -- 고추장
    (1, 4,  300, 'g',    '2027-06-01', '2026-01-01 10:00:00'),  -- 설탕
    (1, 5,  2,   '대',   '2026-05-17', '2026-05-08 10:00:00'),  -- 대파
    (1, 9,  300, 'g',    '2026-05-15', '2026-05-10 08:00:00'),  -- 돼지고기  (임박 D+2)
    (1, 10, 1,   '모',   '2026-05-14', '2026-05-09 09:00:00'),  -- 두부      (임박 D+1)
    (1, 13, 2,   '개',   '2026-05-18', '2026-05-08 10:00:00'),  -- 양파
    (1, 14, 1,   '개',   '2026-05-21', '2026-05-08 10:00:00'),  -- 당근
    (1, 15, 500, 'ml',   '2027-01-01', '2026-01-10 14:00:00'),  -- 간장
    (1, 16, 150, 'ml',   '2026-12-31', '2026-02-20 16:00:00'),  -- 참기름
    (1, 17, 100, 'g',    '2026-05-15', '2026-05-05 08:00:00'),  -- 마늘      (임박 D+2)
    (1, 18, 300, 'g',    '2027-12-31', '2026-01-01 10:00:00'),  -- 소금
    (1, 30, 200, 'g',    '2026-09-01', '2026-03-01 15:00:00');  -- 된장